SKU,Producto,Marca_o_Detalle,Precio_Normal,Precio_Cyber,Descuento,Enlace_Imagen,Estado_WooCommerce
3502075,ESTANTE MULTIUSO,21.09,$45.500,$36.400,-20%,https://tienda.comercialpatagonia.cl/wp-content/uploads/2025/04/multiuso_cin_off.jpg,Encontrado
3502076,ESTANTE MULTIUSO,21.09,$45.500,$36.400,-20%,https://tienda.comercialpatagonia.cl/wp-content/uploads/2025/04/multiuso_blanco.jpg,Encontrado
3502087,ROPERO ROMA BLANCO,118.83,$256.400,$205.120,-20%,https://tienda.comercialpatagonia.cl/wp-content/uploads/2025/04/roma_blanco.png,Encontrado
3502089,ROPERO PALMAS BLANCO,61.27,$132.200,$105.760,-20%,https://tienda.comercialpatagonia.cl/wp-content/uploads/2025/04/palmas_blanco.png,Encontrado
3502090,ROPERO PALMAS CINAMOMO,61.27,$132.200,$105.760,-20%,https://tienda.comercialpatagonia.cl/wp-content/uploads/2025/04/palmas_cin.png,Encontrado
3502091,ROPERO PALMAS CINAMOMO OFF WHITE,61.27,$132.200,$105.760,-20%,https://tienda.comercialpatagonia.cl/wp-content/uploads/2025/04/palmas_cin_off.jpg,Encontrado
3502051,ROPERO RIO GRANDE BLANCO,47.04,$101.500,$81.200,-20%,https://tienda.comercialpatagonia.cl/wp-content/uploads/2024/04/rio_grande_blanco.png,Encontrado
3502052,ROPERO RIO GRANDE CINAMOMO OFF,47.04,$101.500,$81.200,-20%,https://tienda.comercialpatagonia.cl/wp-content/uploads/2025/04/rio_grande_cin_off.png,Encontrado
3502034,ROPERO ADOLETA BLANCO NATURE,61.27,$132.200,$105.760,-20%,https://tienda.comercialpatagonia.cl/wp-content/uploads/2024/04/guarda-roupa-infantil-doce-sonho-3-portas-2-gavetas-branco-nature-panorama-moveis-493163-cape.webp,Encontrado
3502033,ROPERO ADOLETA VERDE,61.27,$132.200,$105.760,-20%,https://tienda.comercialpatagonia.cl/wp-content/uploads/2024/04/guarda-roupa-infantil-doce-sonho-3-portas-2-gavetas-verde-nature-panorama-moveis-493170-cape.webp,Encontrado
3502092,ARMARIO GENIUS BLANCO,50.75,$109.500,$87.600,-20%,,No creado en WooCommerce
3502093,ARMARIO GENIUS CINAMOMO,50.75,$109.500,$87.600,-20%,https://tienda.comercialpatagonia.cl/wp-content/uploads/2025/04/armario_genius_cinamomo.webp,Encontrado
3502094,ARMARIO GENIUS CINAMOMO OFF,50.75,$109.500,$87.600,-20%,https://tienda.comercialpatagonia.cl/wp-content/uploads/2025/04/armario_genius_cinamomo_offwhite.png,Encontrado
3502026,MULTIUSO SERIDO CINAMOMO OFF,37.14,$80.100,$64.080,-20%,https://tienda.comercialpatagonia.cl/wp-content/uploads/2025/04/serido_cin_off.png,Encontrado
3502082,COMODA BELLA BLANCA,68.08,$146.900,$117.520,-20%,https://tienda.comercialpatagonia.cl/wp-content/uploads/2025/04/bella_blanco-1.png,Encontrado
3502081,COMODA BELLA CINAMOMO,68.08,$146.900,$117.520,-20%,https://tienda.comercialpatagonia.cl/wp-content/uploads/2025/04/bella_cin.jpeg,Encontrado
3502080,COMODA BELLA CINAMOMO OFF,68.08,$146.900,$117.520,-20%,https://tienda.comercialpatagonia.cl/wp-content/uploads/2025/04/bella_cin_off.png,Encontrado
3502083,COMODA BELLA CINAMOMO CHUMBO,68.08,$146.900,$117.520,-20%,https://tienda.comercialpatagonia.cl/wp-content/uploads/2025/04/bella_cin_chumbo.png,Encontrado
3502069,COMODA LAGUNA BLANCA,56.94,$122.900,$98.320,-20%,https://tienda.comercialpatagonia.cl/wp-content/uploads/2024/04/laguna_blanco.png,Encontrado
3502067,COMODA LAGUNA CINAMOMO OFF,56.94,$122.900,$98.320,-20%,https://tienda.comercialpatagonia.cl/wp-content/uploads/2024/04/laguna_cin_off.png,Encontrado
3502068,COMODA LAGUNA CINAMOMO CHUMBO,56.94,$122.900,$98.320,-20%,https://tienda.comercialpatagonia.cl/wp-content/uploads/2024/04/laguna_cin_chumbo.png,Encontrado
3502020,COMODA CATAVENTO BLANCO NAT,40.85,$88.200,$70.560,-20%,https://tienda.comercialpatagonia.cl/wp-content/uploads/2024/04/catavento.jpg,Encontrado
3502018,COMODA CATAVENTO ROSA,40.85,$88.200,$70.560,-20%,https://tienda.comercialpatagonia.cl/wp-content/uploads/2024/04/catavento2.jpg,Encontrado
3502019,COMODA CATAVENTO VERDE,40.85,$88.200,$70.560,-20%,https://tienda.comercialpatagonia.cl/wp-content/uploads/2024/04/catavento3.jpg,Encontrado
3502084,COMODA DUNAS CON ESPEJO BLANCA,38.369999999999997,$82.800,$66.240,-20%,https://tienda.comercialpatagonia.cl/wp-content/uploads/2025/04/dunas_blanco.png,Encontrado
3599114,BUFFET MAX,"35,46",$99.900,$79.920,-20%,https://tienda.comercialpatagonia.cl/wp-content/uploads/2024/04/3599114.jpg,Encontrado
3599115,BUFFET MAX,35.46,$99.900,$79.920,-20%,https://tienda.comercialpatagonia.cl/wp-content/uploads/2024/04/3599115.jpg,Encontrado
3599116,BUFFET MAX,35.46,$99.900,$79.920,-20%,https://tienda.comercialpatagonia.cl/wp-content/uploads/2024/04/3599116.jpg,Encontrado
3503001,MESA LATERAL PET,24.93,$42.100,$27.365,-35%,https://tienda.comercialpatagonia.cl/wp-content/uploads/2024/04/3503001_pet_golden.jpg,Encontrado
3503002,MESA LATERAL PET,24.93,$42.100,$27.365,-35%,https://tienda.comercialpatagonia.cl/wp-content/uploads/2024/04/3503002_pet_golden.jpg,Encontrado
3503003,MESA LATERAL PET,24.93,$42.100,$27.365,-35%,https://tienda.comercialpatagonia.cl/wp-content/uploads/2024/04/3503003_pet_golden.jpg,Encontrado
3503004,MESA LATERAL PET,25.82,$43.600,$28.340,-35%,https://tienda.comercialpatagonia.cl/wp-content/uploads/2024/04/3503004_pet_persa.jpg,Encontrado
3503006,MESA LATERAL PET,25.82,$43.600,$28.340,-35%,https://tienda.comercialpatagonia.cl/wp-content/uploads/2024/04/3503006_pet_persa.jpg,Encontrado
3503007,APARADOR PET,37.94,$64.000,$41.600,-35%,https://tienda.comercialpatagonia.cl/wp-content/uploads/2024/04/3503007_pet_dog.jpg,Encontrado
3503008,APARADOR PET,37.94,$64.000,$41.600,-35%,https://tienda.comercialpatagonia.cl/wp-content/uploads/2024/04/3503008_pet_dog.jpg,Encontrado
3503009,APARADOR PET,50.44,$85.100,$55.315,-35%,https://tienda.comercialpatagonia.cl/wp-content/uploads/2024/04/3503009_pet_retro.jpg,Encontrado
3503010,APARADOR PET,50.44,$85.100,$55.315,-35%,https://tienda.comercialpatagonia.cl/wp-content/uploads/2024/04/3503010_pet_retro.jpg,Encontrado
3503011,RACK RETRO PET,51.51,$86.900,$56.485,-35%,https://tienda.comercialpatagonia.cl/wp-content/uploads/2024/04/3503011_rack_roxi.jpg,Encontrado
3503014,ESTANTE PET GATO,45.3,$76.500,$49.725,-35%,https://tienda.comercialpatagonia.cl/wp-content/uploads/2024/04/3503014_pet_siames.jpg,Encontrado
3503015,ESTANTE PET GATO,45.3,$76.500,$49.725,-35%,https://tienda.comercialpatagonia.cl/wp-content/uploads/2024/04/3503015_pet_siames.jpg,Encontrado
3503016,ESTANTE PET GATO,45.3,$76.500,$49.725,-35%,https://tienda.comercialpatagonia.cl/wp-content/uploads/2024/04/3503016_pet_siames.jpg,Encontrado
3503017,ESTANTE PET GATO,45.3,$76.500,$49.725,-35%,https://tienda.comercialpatagonia.cl/wp-content/uploads/2024/04/3503017_pet_siames.jpg,Encontrado
3503018,ESTANTE PET GATO,45.3,$76.500,$49.725,-35%,https://tienda.comercialpatagonia.cl/wp-content/uploads/2024/04/3503018_pet_siames.jpg,Encontrado
3503028,ZAPATERA RETRO,56.46,$95.500,$62.075,-35%,https://tienda.comercialpatagonia.cl/wp-content/uploads/2024/04/3503028_zapatera-e1713985008846.jpg,Encontrado
3599658,COMODA GENOVA JACARANDA OFF WHITE,56.97,$117.200,$93.760,-20%,https://tienda.comercialpatagonia.cl/wp-content/uploads/2025/07/30.jpg,Encontrado
3599659,COMODA GENOVA CINAMOMO,56.97,$117.200,$93.760,-20%,https://tienda.comercialpatagonia.cl/wp-content/uploads/2024/08/12.jpg,Encontrado
3599416,COMODA GENOVA BLANCO,56.97,$117.200,$93.760,-20%,https://tienda.comercialpatagonia.cl/wp-content/uploads/2024/04/3599416.jpg,Encontrado
3599415,COMODA GENOVA JACARANDA,56.97,$117.200,$93.760,-20%,https://tienda.comercialpatagonia.cl/wp-content/uploads/2024/04/3599415.jpg,Encontrado
3599097,KIT COCINA POP CINAMOMO AREIA,45.26,$95.100,$76.080,-20%,https://tienda.comercialpatagonia.cl/wp-content/uploads/2024/08/1.jpg,Encontrado
3599098,KIT COCINA POP CINAMOMO NEGRO,45.26,$95.100,$76.080,-20%,,No creado en WooCommerce
3599099,KIT COCINA POP BLANCO,45.26,$95.100,$76.080,-20%,https://tienda.comercialpatagonia.cl/wp-content/uploads/2024/08/2-1.jpg,Encontrado
3599234,COMODA PRIMORDIAL JACARANDA,47.98,$100.800,$80.640,-20%,https://tienda.comercialpatagonia.cl/wp-content/uploads/2024/04/14.jpg,Encontrado
3599237,COMODA PRIMORDIAL CINAMOMO,47.98,$100.800,$80.640,-20%,https://tienda.comercialpatagonia.cl/wp-content/uploads/2024/04/15.jpg,Encontrado
3599662,COMODA PRIMORDIAL BLANCA,47.98,$100.800,$80.640,-20%,https://tienda.comercialpatagonia.cl/wp-content/uploads/2024/04/13.jpg,Encontrado
3599712,COMODA VERSATIL CINAMONO AREIA,91.47,$188.150,$150.520,-20%,https://tienda.comercialpatagonia.cl/wp-content/uploads/2025/07/33.jpg,Encontrado
3599269,COMODA VERSATIL JACARANDA OFF WHITE,91.47,$188.150,$150.520,-20%,https://tienda.comercialpatagonia.cl/wp-content/uploads/2025/07/35.jpg,Encontrado
3599494,COMODA VERSATIL  BLANCA,91.47,$188.150,$150.520,-20%,https://tienda.comercialpatagonia.cl/wp-content/uploads/2024/04/3599494.jpg,Encontrado
3599727,COMODA IMPERIAL JACARANDA,91.56,$192.900,$154.320,-20%,https://tienda.comercialpatagonia.cl/wp-content/uploads/2026/05/comoda_zapatera_jacaranda.jpg,Encontrado
3599728,COMODA IMPERIAL BLANCA,91.56,$192.900,$154.320,-20%,https://tienda.comercialpatagonia.cl/wp-content/uploads/2026/05/comoda_zapatera_blanca.jpg,Encontrado
3599729,COMODA IMPERIAL CINAMOMO AREIA,91.56,$192.900,$154.320,-20%,https://tienda.comercialpatagonia.cl/wp-content/uploads/2026/05/comoda_zapatera_areia.jpg,Encontrado
3599530,ROPERO FRANCA BLANCO,61.29,$126.100,$100.880,-20%,https://tienda.comercialpatagonia.cl/wp-content/uploads/2025/07/37.jpg,Encontrado
3599213,ROPERO PRIMORDIAL BLANCO,83.16,$179.900,$143.920,-20%,https://tienda.comercialpatagonia.cl/wp-content/uploads/2024/08/29.jpg,Encontrado
3599320,ROPERO PRIMORDIAL CINAMOMO AREIA,83.16,$179.900,$143.920,-20%,https://tienda.comercialpatagonia.cl/wp-content/uploads/2024/08/28-1.jpg,Encontrado
3599319,ROPERO PRIMORDIAL JACARANDA,83.16,$179.900,$143.920,-20%,https://tienda.comercialpatagonia.cl/wp-content/uploads/2024/08/30.jpg,Encontrado
3599003,ROPERO CAPELINHA JACARANDA,117.34,$241.350,$193.080,-20%,https://tienda.comercialpatagonia.cl/wp-content/uploads/2024/04/3599003.jpg,Encontrado
3599002,ROPERO CAPELINHA BLANCO,117.34,$241.350,$193.080,-20%,https://tienda.comercialpatagonia.cl/wp-content/uploads/2025/07/1.jpg,Encontrado
3599711,ROPERO CAPELINHA CINAMOMO AREIA,117.34,$241.350,$193.080,-20%,https://tienda.comercialpatagonia.cl/wp-content/uploads/2025/07/26.jpg,Encontrado
3599718,M. COCINA AEREO 1 PUERTA,18.71,$39.900,$31.920,-20%,https://tienda.comercialpatagonia.cl/wp-content/uploads/2025/07/6.jpg,Encontrado
3599608,M. COCINA AEREO 2 PUERTAS,39.380000000000003,$84.550,$67.640,-20%,,No creado en WooCommerce
3599403,M. COCINA AEREO VIDRIADO,68.11,$143.100,$114.480,-20%,,No creado en WooCommerce
3599720,M. COCINA MESADA 1.20,60.1,$131.900,$105.520,-20%,https://tienda.comercialpatagonia.cl/wp-content/uploads/2025/07/3.jpg,Encontrado
3599544,M. COCINA MESADA 1 PUERTA,29.06,$62.100,$49.680,-20%,https://tienda.comercialpatagonia.cl/wp-content/uploads/2024/04/09820100_280-scaled.jpg,Encontrado
3599717,M. COCINA DESPENSA SIMPLE,56.41,$120.300,$96.240,-20%,https://tienda.comercialpatagonia.cl/wp-content/uploads/2025/07/11.jpg,Encontrado
3599716,M. COCINA DESPENSA MICROONDAS,55.68,$120.300,$96.240,-20%,https://tienda.comercialpatagonia.cl/wp-content/uploads/2025/07/13.jpg,Encontrado
3599118,MESA CON BANQUETAS,53.3,$119.500,$95.600,-20%,https://tienda.comercialpatagonia.cl/wp-content/uploads/2024/04/3599118.jpg,Encontrado
3599156,ARMARIO PRACTICO,31.92,$67.900,$54.320,-20%,https://tienda.comercialpatagonia.cl/wp-content/uploads/2024/04/3599156.jpg,Encontrado
2902001,FOGÓN UNO 1.08 MTS,660,$950.000,$855.000,-10%,https://tienda.comercialpatagonia.cl/wp-content/uploads/2024/04/binelli_fogon_pre.jpg,Encontrado
2902002,FOGÓN DOS 1.26 MTS,880,$1.150.000,$1.035.000,-10%,https://tienda.comercialpatagonia.cl/wp-content/uploads/2024/04/binelli_fogon_pre.jpg,Encontrado
2902005,JUEGO PARRILLERO,11.52,$27.900,$23.715,-15%,https://tienda.comercialpatagonia.cl/wp-content/uploads/2024/04/Juego-parrillero-soporte-de-acero-e1714057996638.jpg,Encontrado
2902008,JUEGO PARRILLERO,10.91,$26.900,$22.865,-15%,https://tienda.comercialpatagonia.cl/wp-content/uploads/2024/04/Juego-parrillero-artesanal-3-piezas-e1714057724191.jpg,Encontrado
2902011,DISCO,49.47,$106.600,$90.610,-15%,https://tienda.comercialpatagonia.cl/wp-content/uploads/2024/04/001029_1-792fdbdf7546ae7ca015880008058726-640-0.jpg,Encontrado
2902028,ASADOR MEDIANO,34.01,$87.400,$74.290,-15%,https://tienda.comercialpatagonia.cl/wp-content/uploads/2024/04/006334_1-0a457fdef315987d3c16794921567860-1024-1024-1.webp,Encontrado
2902029,ASADOR GRANDE,38.26,$95.100,$80.835,-15%,https://tienda.comercialpatagonia.cl/wp-content/uploads/2024/04/006334_1-0a457fdef315987d3c16794921567860-1024-1024.webp,Encontrado
2902013,PLANCHETA,20.04,$43.000,$36.550,-15%,https://tienda.comercialpatagonia.cl/wp-content/uploads/2024/04/set-x2-tapas-la-planchetta-e1714138654368.webp,Encontrado
2902043,FOGON CON HERRAJE ENLOZADO,152.30000000000001,$350.000,$297.500,-15%,https://tienda.comercialpatagonia.cl/wp-content/uploads/2025/08/Diseno-sin-titulo-1.jpg,Encontrado
2902044,LEÑERO,21.64,$46.000,$39.100,-15%,,No creado en WooCommerce
3199135,PLANCHA TECHO 2.5,10.16,$18.600,$16.740,-10%,,No creado en WooCommerce
3199138,PLANCHA TECHO 3.0,12.19,$22.300,$20.070,-10%,,No creado en WooCommerce
3099474,LANA DE VIDRIO 50MM LIBRE,28.49,$50.900,$45.810,-10%,https://tienda.comercialpatagonia.cl/wp-content/uploads/2025/08/5.jpg,Encontrado
3099475,LANA DE VIDRIO 50MM C/P,44.18,$77.900,$70.110,-10%,https://tienda.comercialpatagonia.cl/wp-content/uploads/2025/08/6.jpg,Encontrado
3099477,LANA DE VIDRIO 80MM C/P,60.35,$48.900,$44.010,-10%,https://tienda.comercialpatagonia.cl/wp-content/uploads/2025/08/6.jpg,Encontrado
3099112,MEMBRANA HIDROFUGA,25.06,$38.900,$35.010,-10%,https://tienda.comercialpatagonia.cl/wp-content/uploads/2024/04/ecotech-dry.png,Encontrado
3099110,NIVELADOR PISO FLOTANTE FILM,11.54,$17.600,$15.840,-10%,https://tienda.comercialpatagonia.cl/wp-content/uploads/2024/04/aislante-piso-flotante.webp,Encontrado
2699729,CER. BLANCO PLUS,9.7799999999999994,$16.100,$14.490,-10%,https://tienda.comercialpatagonia.cl/wp-content/uploads/2024/05/2699729_2-1.jpg,Encontrado
2699740,CER. NEGRO PLUS,9.52,$16.100,$14.490,-10%,https://tienda.comercialpatagonia.cl/wp-content/uploads/2024/05/2699740_2.jpg,Encontrado
2699692,CER. MARINO RUBI,10.029999999999999,$16.500,$14.850,-10%,https://tienda.comercialpatagonia.cl/wp-content/uploads/2024/05/2699692_-25x35_marino_rubi-1.jpg,Encontrado
2699820,CER. MURETTO,11.14,$18.330,$16.497,-10%,https://tienda.comercialpatagonia.cl/wp-content/uploads/2024/05/9.png,Encontrado
2699016,CER. DIAMOND GREEN,12.38,$20.700,$18.630,-10%,https://tienda.comercialpatagonia.cl/wp-content/uploads/2024/05/2699016_-45x45_DIAMOND_GREEN.jpg,Encontrado
2699034,CER. CLASSIC BIANCO,11.14,$18.330,$16.497,-10%,https://tienda.comercialpatagonia.cl/wp-content/uploads/2024/05/2699034_32X56_CLASSIC_BIANCO.jpg,Encontrado
2699376,CER. SAO TOMÉ,13.49,$21.480,$19.332,-10%,https://tienda.comercialpatagonia.cl/wp-content/uploads/2024/05/2699376-1.jpg,Encontrado
2699105,CER. MARMOL,13.04,$20.800,$18.720,-10%,https://tienda.comercialpatagonia.cl/wp-content/uploads/2024/05/2699105_45x45_MOD-45920.jpg,Encontrado
2699219,CER. PRESTIGE,12.38,$20.700,$18.630,-10%,https://tienda.comercialpatagonia.cl/wp-content/uploads/2024/05/2699219_45X45_PRESTIGE.jpg,Encontrado
2699373,CER. SUBWAY NEGRO,10.83,$18.900,$17.010,-10%,https://tienda.comercialpatagonia.cl/wp-content/uploads/2025/06/2699373_31x53_subway_negro-1.jpg,Encontrado
2699671,CER. NIEVE BRILLANTE 31X53,10.79,$18.900,$17.010,-10%,https://tienda.comercialpatagonia.cl/wp-content/uploads/2025/06/2699671_2.jpg,Encontrado
2699123,CER. HD3273 32X56,11.38,$18.500,$16.650,-10%,https://tienda.comercialpatagonia.cl/wp-content/uploads/2025/06/2699123_32X56_SPEDIRI_FIORI.jpg,Encontrado
2699391,CER. EUCALIPTO GRIS 56X56,10.18,$18.300,$16.470,-10%,https://tienda.comercialpatagonia.cl/wp-content/uploads/2025/06/2699391.jpg,Encontrado
2699937,CER. PINO CLARO 56X56,10.18,$18.300,$16.470,-10%,https://tienda.comercialpatagonia.cl/wp-content/uploads/2025/06/2699937.jpg,Encontrado
2699940,CER. LEÑO ALBINO 56X56,10.64,$18.300,$16.470,-10%,https://tienda.comercialpatagonia.cl/wp-content/uploads/2025/06/2699940.jpg,Encontrado
2699946,CER. MADERA BRILLANTE 56X56,10.64,$18.300,$16.470,-10%,https://tienda.comercialpatagonia.cl/wp-content/uploads/2025/06/2699946_56x56_madera_brillante.jpg,Encontrado
2699936,CER. EUCALIPTO BEIGE 56X56,10.18,$18.300,$16.470,-10%,https://tienda.comercialpatagonia.cl/wp-content/uploads/2025/06/2699936_2.jpg,Encontrado
2699236,CER. 327000 CRISTOFOLETTI,8.77,$15.700,$14.130,-10%,https://tienda.comercialpatagonia.cl/wp-content/uploads/2025/06/2699236_32X54_ROCK_CLASSIC.jpg,Encontrado
2699731,CER. ACUARIO BLANCO 25X35,12.23,$20.500,$18.450,-10%,https://tienda.comercialpatagonia.cl/wp-content/uploads/2025/06/2699731_25x35_acuario_blanco.jpg,Encontrado
2699395,CER. GLACIAR BEIGE 25X35,10.01,$17.200,$15.480,-10%,,No creado en WooCommerce
2699371,CER. MARINO NEGRO 25X35,10.01,$17.200,$15.480,-10%,,No creado en WooCommerce
2699948,PORC. KAIRO GRIS,16.440000000000001,$28.900,$26.010,-10%,,No creado en WooCommerce
2699949,PORC. VERONA GRIS,16.739999999999998,$28.900,$26.010,-10%,,No creado en WooCommerce
2699947,PORC. FOLKS GRIS,17.63,$28.900,$26.010,-10%,,No creado en WooCommerce
2699150,CER. ARBE 405 31.5X31.5,13.49,$21.480,$19.332,-10%,https://tienda.comercialpatagonia.cl/wp-content/uploads/2025/06/2699150_-31.5X31.5_MOD_405.jpg,Encontrado
2699377,CER. ARBE 315 31.5X31.5,13.49,$21.480,$19.332,-10%,https://tienda.comercialpatagonia.cl/wp-content/uploads/2025/06/2699377-1.jpg,Encontrado
2699088,CER. 45330 45X45,14.72,$25.200,$22.680,-10%,https://tienda.comercialpatagonia.cl/wp-content/uploads/2025/06/2699088_45X45_ETERNITY_BIANCO.jpg,Encontrado
2699938,CER. CALCAREO COLOR 56X56,10.36,$18.300,$16.470,-10%,https://tienda.comercialpatagonia.cl/wp-content/uploads/2025/06/2699938_2.jpg,Encontrado
2699943,CER. CASTAÑO BEIGE 18X56,11.79,$19.400,$17.460,-10%,https://tienda.comercialpatagonia.cl/wp-content/uploads/2025/06/2699943_18x56_castano_beige.jpg,Encontrado
2499012,BARNIZ TITANLUX MATE 750 ML,10.28,$14.900,$13.410,-10%,https://tienda.comercialpatagonia.cl/wp-content/uploads/2024/04/2499012.png,Encontrado
2499024,PROT. LASUR TECA MATE 750 ML,12.31,$17.100,$15.390,-10%,https://tienda.comercialpatagonia.cl/wp-content/uploads/2024/04/2499024-1.png,Encontrado
2499029,PROT. LASUR ROBLE MATE 750 ML,12.31,$17.100,$15.390,-10%,https://tienda.comercialpatagonia.cl/wp-content/uploads/2024/04/2499029.png,Encontrado
2499080,OXIRON MARRON 750 ML,10.91,$16.500,$14.850,-10%,https://tienda.comercialpatagonia.cl/wp-content/uploads/2024/04/esmalte-antioxidante-marron-oxido-214-oxiron-interior-exterior-forja.jpg,Encontrado
2499107,OXIRON FORJA ROJO 750 ML,10.91,$16.500,$14.850,-10%,https://tienda.comercialpatagonia.cl/wp-content/uploads/2024/04/esmalte-antioxidante-rojo-oxido-215-oxiron-interior-exterior-forja.jpg,Encontrado
2499111,BARNIZ TITANLUX MATE 4 LTS,45.79,$69.200,$62.280,-10%,https://tienda.comercialpatagonia.cl/wp-content/uploads/2024/04/2499111.png,Encontrado
2499132,BARNIZ SUELO BRILLANTE,44.13,$63.900,$57.510,-10%,https://tienda.comercialpatagonia.cl/wp-content/uploads/2024/04/2499132.png,Encontrado
2499160,LASUR TARIMA 750 ML,15.45,$23.930,$21.537,-10%,https://tienda.comercialpatagonia.cl/wp-content/uploads/2024/12/2499160.png,Encontrado
2499162,PROT. LASUR NOGAL  MATE 750 ML,12.31,$17.100,$15.390,-10%,https://tienda.comercialpatagonia.cl/wp-content/uploads/2024/04/2499162.png,Encontrado
2499166,FONDO INCOLORO AL AFUA 750 ML,9.49,$14.100,$12.690,-10%,,No creado en WooCommerce
2499168,BZ EFECTO MADERA ROBLE 750 ML,13.94,$11.800,$10.620,-10%,,No creado en WooCommerce
2499169,BZ EFECTO MADERA NOGAL 750 ML,13.94,$11.800,$10.620,-10%,,No creado en WooCommerce
2499172,BZ EFECTO MADERA SAPELI 750 ML,13.94,$11.800,$10.620,-10%,,No creado en WooCommerce
2499188,PROT. LASUR ROBLE SAT 750 ML,8.89,$17.100,$15.390,-10%,https://tienda.comercialpatagonia.cl/wp-content/uploads/2024/04/2499188-1.png,Encontrado
2499189,PROT. LASUR PINO NAT. SAT. 750 ML,9.27,$17.100,$15.390,-10%,https://tienda.comercialpatagonia.cl/wp-content/uploads/2024/12/2499189.png,Encontrado
2499222,BARNIZ ECO INTEMPERIE SAT 750 ML,12.73,$18.500,$16.650,-10%,https://tienda.comercialpatagonia.cl/wp-content/uploads/2024/04/2499222.png,Encontrado
2499226,PROT. LASUR TECA SAT 750 ML,8.89,$17.100,$15.390,-10%,https://tienda.comercialpatagonia.cl/wp-content/uploads/2024/04/2499226.png,Encontrado
2499231,PROT. LASUR NOGAL SAT 750 ML,8.89,$17.100,$15.390,-10%,https://tienda.comercialpatagonia.cl/wp-content/uploads/2024/04/2499231.png,Encontrado
2899043,LLAVE MOD. FTK-832,21.9,$35.100,$28.080,-20%,https://tienda.comercialpatagonia.cl/wp-content/uploads/2024/04/20.png,Encontrado
2899042,LLAVE. MOD FT-9401,14.6,$24.580,$19.664,-20%,https://tienda.comercialpatagonia.cl/wp-content/uploads/2024/04/19.png,Encontrado
2899057,LLAVE LAVAMANO MOD. 11982-A,38.86,$61.400,$49.120,-20%,https://tienda.comercialpatagonia.cl/wp-content/uploads/2024/04/14.png,Encontrado
2899076,LLAVE LAVAMANO MOD3105-A,31.8,$50.300,$40.240,-20%,https://tienda.comercialpatagonia.cl/wp-content/uploads/2024/04/12.png,Encontrado
2899044,LLAVE MONOMANDO 11970,35.33,$55.800,$44.640,-20%,https://tienda.comercialpatagonia.cl/wp-content/uploads/2024/04/11.png,Encontrado
2899070,LLAVE LAVAPLATOS MOD 11889,56.53,$89.400,$71.520,-20%,https://tienda.comercialpatagonia.cl/wp-content/uploads/2024/04/17.png,Encontrado
2899062,LLAVE LAVAPLATO MOD 12027,75.959999999999994,$120.100,$96.080,-20%,https://tienda.comercialpatagonia.cl/wp-content/uploads/2024/04/18.png,Encontrado
2899037,LLAVE LAVAPLATO MOD A417,63.59,$100.500,$80.400,-20%,https://tienda.comercialpatagonia.cl/wp-content/uploads/2024/04/21.png,Encontrado
2899036,LLAVE LAVAPLATO MOD 12033,79.489999999999995,$125.600,$100.480,-20%,https://tienda.comercialpatagonia.cl/wp-content/uploads/2024/04/22.png,Encontrado
2899063,PROT. LASUR NOGAL SAT 750 ML,8.89,$17.100,$13.680,-20%,https://tienda.comercialpatagonia.cl/wp-content/uploads/2024/04/16.png,Encontrado
3099213,PISO FLOTANTE TM612,26.4,$39.900,$35.910,-10%,https://tienda.comercialpatagonia.cl/wp-content/uploads/2024/04/wild_sandal.jpg,Encontrado
3099223,PISO FLOTANTE XSM89,26.4,$39.900,$35.910,-10%,https://tienda.comercialpatagonia.cl/wp-content/uploads/2024/04/acacia_coffee-e1714223868437.jpg,Encontrado
3099425,PISO FLOTANTE ACACIA,30.25,$39.900,$35.910,-10%,https://tienda.comercialpatagonia.cl/wp-content/uploads/2024/04/acacia_natural-e1714223779119.jpg,Encontrado
3099142,PISO FLOTANTE LEGACY OAK,30.25,$39.900,$35.910,-10%,https://tienda.comercialpatagonia.cl/wp-content/uploads/2024/04/legacy_oak-e1714224457167.jpg,Encontrado
3099100,PISO FLOTANTE OAK COUNTRY,30.25,$39.900,$35.910,-10%,https://tienda.comercialpatagonia.cl/wp-content/uploads/2024/04/oak_country-e1714224396741.jpg,Encontrado
3099225,PISO FLOTANTE BIRMANIA,35.04,$45.500,$40.950,-10%,,Encontrado sin Imagen
